inputs/reproduction/public-reproduction-v1/remotion-project/node_modules/.bin/acorn	../acorn/bin/acorn
inputs/reproduction/public-reproduction-v1/remotion-project/node_modules/.bin/baseline-browser-mapping	../baseline-browser-mapping/dist/cli.cjs
inputs/reproduction/public-reproduction-v1/remotion-project/node_modules/.bin/browserslist	../browserslist/cli.js
inputs/reproduction/public-reproduction-v1/remotion-project/node_modules/.bin/cssesc	../cssesc/bin/cssesc
inputs/reproduction/public-reproduction-v1/remotion-project/node_modules/.bin/esbuild	../esbuild/bin/esbuild
inputs/reproduction/public-reproduction-v1/remotion-project/node_modules/.bin/esparse	../esprima/bin/esparse.js
inputs/reproduction/public-reproduction-v1/remotion-project/node_modules/.bin/esvalidate	../esprima/bin/esvalidate.js
inputs/reproduction/public-reproduction-v1/remotion-project/node_modules/.bin/is-docker	../is-docker/cli.js
inputs/reproduction/public-reproduction-v1/remotion-project/node_modules/.bin/js-yaml	../js-yaml/bin/js-yaml.js
inputs/reproduction/public-reproduction-v1/remotion-project/node_modules/.bin/jsesc	../jsesc/bin/jsesc
inputs/reproduction/public-reproduction-v1/remotion-project/node_modules/.bin/json5	../json5/lib/cli.js
inputs/reproduction/public-reproduction-v1/remotion-project/node_modules/.bin/kiwic	../kiwi-schema/cli.js
inputs/reproduction/public-reproduction-v1/remotion-project/node_modules/.bin/nanoid	../nanoid/bin/nanoid.cjs
inputs/reproduction/public-reproduction-v1/remotion-project/node_modules/.bin/node-which	../which/bin/node-which
inputs/reproduction/public-reproduction-v1/remotion-project/node_modules/.bin/parser	../@babel/parser/bin/babel-parser.js
inputs/reproduction/public-reproduction-v1/remotion-project/node_modules/.bin/remotion	../@remotion/cli/remotion-cli.js
inputs/reproduction/public-reproduction-v1/remotion-project/node_modules/.bin/remotionb	../@remotion/cli/remotionb-cli.js
inputs/reproduction/public-reproduction-v1/remotion-project/node_modules/.bin/remotiond	../@remotion/cli/remotiond-cli.js
inputs/reproduction/public-reproduction-v1/remotion-project/node_modules/.bin/semver	../semver/bin/semver.js
inputs/reproduction/public-reproduction-v1/remotion-project/node_modules/.bin/terser	../terser/bin/terser
inputs/reproduction/public-reproduction-v1/remotion-project/node_modules/.bin/tsc	../typescript/bin/tsc
inputs/reproduction/public-reproduction-v1/remotion-project/node_modules/.bin/tsserver	../typescript/bin/tsserver
inputs/reproduction/public-reproduction-v1/remotion-project/node_modules/.bin/update-browserslist-db	../update-browserslist-db/cli.js
inputs/reproduction/public-reproduction-v1/remotion-project/node_modules/.bin/webpack	../webpack/bin/webpack.js
inputs/reproduction/public-reproduction-v1/remotion-project/node_modules/@babel/core/node_modules/.bin/parser	../@babel/parser/bin/babel-parser.js
inputs/reproduction/public-reproduction-v1/remotion-project/node_modules/@babel/core/node_modules/.bin/semver	../semver/bin/semver.js
inputs/reproduction/public-reproduction-v1/remotion-project/node_modules/@babel/generator/node_modules/.bin/parser	../@babel/parser/bin/babel-parser.js
inputs/reproduction/public-reproduction-v1/remotion-project/node_modules/@babel/helper-compilation-targets/node_modules/.bin/semver	../semver/bin/semver.js
inputs/reproduction/public-reproduction-v1/remotion-project/node_modules/@babel/template/node_modules/.bin/parser	../@babel/parser/bin/babel-parser.js
inputs/reproduction/public-reproduction-v1/remotion-project/node_modules/@babel/traverse/node_modules/.bin/parser	../@babel/parser/bin/babel-parser.js
inputs/reproduction/public-reproduction-v1/remotion-project/node_modules/css-loader/node_modules/.bin/semver	../semver/bin/semver.js
outputs/holdout-v1/binaries/ffmpeg	/usr/bin/ffmpeg
outputs/holdout-v1/binaries/ffprobe	/usr/bin/ffprobe
outputs/holdout-v1/binaries/libavcodec.so	/home/user/evidence/helios-cpu-linux-2026-10-02/inputs/reproduction/public-reproduction-v1/remotion-project/node_modules/@remotion/compositor-linux-x64-gnu/libavcodec.so
outputs/holdout-v1/binaries/libavdevice.so	/home/user/evidence/helios-cpu-linux-2026-10-02/inputs/reproduction/public-reproduction-v1/remotion-project/node_modules/@remotion/compositor-linux-x64-gnu/libavdevice.so
outputs/holdout-v1/binaries/libavfilter.so	/home/user/evidence/helios-cpu-linux-2026-10-02/inputs/reproduction/public-reproduction-v1/remotion-project/node_modules/@remotion/compositor-linux-x64-gnu/libavfilter.so
outputs/holdout-v1/binaries/libavformat.so	/home/user/evidence/helios-cpu-linux-2026-10-02/inputs/reproduction/public-reproduction-v1/remotion-project/node_modules/@remotion/compositor-linux-x64-gnu/libavformat.so
outputs/holdout-v1/binaries/libavutil.so	/home/user/evidence/helios-cpu-linux-2026-10-02/inputs/reproduction/public-reproduction-v1/remotion-project/node_modules/@remotion/compositor-linux-x64-gnu/libavutil.so
outputs/holdout-v1/binaries/libswresample.so	/home/user/evidence/helios-cpu-linux-2026-10-02/inputs/reproduction/public-reproduction-v1/remotion-project/node_modules/@remotion/compositor-linux-x64-gnu/libswresample.so
outputs/holdout-v1/binaries/libswscale.so	/home/user/evidence/helios-cpu-linux-2026-10-02/inputs/reproduction/public-reproduction-v1/remotion-project/node_modules/@remotion/compositor-linux-x64-gnu/libswscale.so
outputs/holdout-v1/binaries/remotion	/home/user/evidence/helios-cpu-linux-2026-10-02/inputs/reproduction/public-reproduction-v1/remotion-project/node_modules/@remotion/compositor-linux-x64-gnu/remotion
outputs/qualification-v1/binaries/ffmpeg	/usr/bin/ffmpeg
outputs/qualification-v1/binaries/ffprobe	/usr/bin/ffprobe
outputs/qualification-v1/binaries/libavcodec.so	/home/user/evidence/helios-cpu-linux-2026-10-02/inputs/reproduction/public-reproduction-v1/remotion-project/node_modules/@remotion/compositor-linux-x64-gnu/libavcodec.so
outputs/qualification-v1/binaries/libavdevice.so	/home/user/evidence/helios-cpu-linux-2026-10-02/inputs/reproduction/public-reproduction-v1/remotion-project/node_modules/@remotion/compositor-linux-x64-gnu/libavdevice.so
outputs/qualification-v1/binaries/libavfilter.so	/home/user/evidence/helios-cpu-linux-2026-10-02/inputs/reproduction/public-reproduction-v1/remotion-project/node_modules/@remotion/compositor-linux-x64-gnu/libavfilter.so
outputs/qualification-v1/binaries/libavformat.so	/home/user/evidence/helios-cpu-linux-2026-10-02/inputs/reproduction/public-reproduction-v1/remotion-project/node_modules/@remotion/compositor-linux-x64-gnu/libavformat.so
outputs/qualification-v1/binaries/libavutil.so	/home/user/evidence/helios-cpu-linux-2026-10-02/inputs/reproduction/public-reproduction-v1/remotion-project/node_modules/@remotion/compositor-linux-x64-gnu/libavutil.so
outputs/qualification-v1/binaries/libswresample.so	/home/user/evidence/helios-cpu-linux-2026-10-02/inputs/reproduction/public-reproduction-v1/remotion-project/node_modules/@remotion/compositor-linux-x64-gnu/libswresample.so
outputs/qualification-v1/binaries/libswscale.so	/home/user/evidence/helios-cpu-linux-2026-10-02/inputs/reproduction/public-reproduction-v1/remotion-project/node_modules/@remotion/compositor-linux-x64-gnu/libswscale.so
outputs/qualification-v1/binaries/remotion	/home/user/evidence/helios-cpu-linux-2026-10-02/inputs/reproduction/public-reproduction-v1/remotion-project/node_modules/@remotion/compositor-linux-x64-gnu/remotion
