chrome-cpu.sh	166
manifest.json	1546115
qualification-1-F-medium-w2-t1/config.json	393
qualification-1-F-medium-w2-t1/engine.process.json	398
qualification-1-F-medium-w2-t1/engine.stderr.log	24
qualification-1-F-medium-w2-t1/engine.stdout.log	242
qualification-1-F-medium-w2-t1/output.mp4	167468939
qualification-1-F-medium-w2-t1/result.json	6531
qualification-1-F-medium-w2-t1/verify.process.json	342
qualification-1-F-medium-w2-t1/verify.stderr.log	0
qualification-1-F-medium-w2-t1/verify.stdout.log	2714
qualification-1-H-medium-w2-t1/composition.mjs	283
qualification-1-H-medium-w2-t1/config.json	1022
qualification-1-H-medium-w2-t1/details.json	944
qualification-1-H-medium-w2-t1/engine.process.json	316
qualification-1-H-medium-w2-t1/engine.stderr.log	0
qualification-1-H-medium-w2-t1/engine.stdout.log	0
qualification-1-H-medium-w2-t1/output.mp4	142217777
qualification-1-H-medium-w2-t1/result.json	4719
qualification-1-R-medium-w2-t1/config.json	784
qualification-1-R-medium-w2-t1/details.json	4057
qualification-1-R-medium-w2-t1/engine.process.json	310
qualification-1-R-medium-w2-t1/engine.stderr.log	0
qualification-1-R-medium-w2-t1/engine.stdout.log	0
qualification-1-R-medium-w2-t1/output.mp4	145319270
qualification-1-R-medium-w2-t1/result.json	11057
qualification-1-R-medium-w2-t1/verify.process.json	342
qualification-1-R-medium-w2-t1/verify.stderr.log	0
qualification-1-R-medium-w2-t1/verify.stdout.log	2908
quality-reference/composition.mjs	283
quality-reference/references.json	390609
quality-reference/references/F/lossless.stderr.log	0
quality-reference/references/F/lossless.stdout.log	0
quality-reference/references/F/pipeline.process.json	977
quality-reference/references/F/probe.process.json	588
quality-reference/references/F/probe.stderr.log	0
quality-reference/references/F/probe.stdout.log	65402
quality-reference/references/F/receipt.json	90757
quality-reference/references/F/reference.nut	243377672
quality-reference/references/F/source.stderr.log	0
quality-reference/references/H/lossless.stderr.log	0
quality-reference/references/H/lossless.stdout.log	0
quality-reference/references/H/pipeline.process.json	1086
quality-reference/references/H/probe.process.json	588
quality-reference/references/H/probe.stderr.log	0
quality-reference/references/H/probe.stdout.log	65402
quality-reference/references/H/receipt.json	135919
quality-reference/references/H/reference-request.json	383
quality-reference/references/H/reference.nut	239224616
quality-reference/references/H/source-details.json	41982
quality-reference/references/H/source.stderr.log	0
quality-reference/references/R-cpu/lossless.process.json	802
quality-reference/references/R-cpu/lossless.stderr.log	0
quality-reference/references/R-cpu/lossless.stdout.log	0
quality-reference/references/R-cpu/probe.process.json	592
quality-reference/references/R-cpu/probe.stderr.log	0
quality-reference/references/R-cpu/probe.stdout.log	65402
quality-reference/references/R-cpu/receipt.json	137632
quality-reference/references/R-cpu/reference-request.json	738
quality-reference/references/R-cpu/reference.nut	242205058
quality-reference/references/R-cpu/source-details.json	43577
quality-reference/references/R-cpu/source.process.json	309
quality-reference/references/R-cpu/source.stderr.log	0
quality-reference/references/R-cpu/source.stdout.log	0
quality/F-c20fd2a82fcf1803101de04504536e17ae77d49e4b1e7230760cee5bb1b616bc/actual-cadence.process.json	585
quality/F-c20fd2a82fcf1803101de04504536e17ae77d49e4b1e7230760cee5bb1b616bc/actual-cadence.stderr.log	0
quality/F-c20fd2a82fcf1803101de04504536e17ae77d49e4b1e7230760cee5bb1b616bc/actual-cadence.stdout.log	65104
quality/F-c20fd2a82fcf1803101de04504536e17ae77d49e4b1e7230760cee5bb1b616bc/measurement.json	264251
quality/F-c20fd2a82fcf1803101de04504536e17ae77d49e4b1e7230760cee5bb1b616bc/metrics.process.json	819
quality/F-c20fd2a82fcf1803101de04504536e17ae77d49e4b1e7230760cee5bb1b616bc/metrics.stderr.log	6557
quality/F-c20fd2a82fcf1803101de04504536e17ae77d49e4b1e7230760cee5bb1b616bc/metrics.stdout.log	0
quality/F-c20fd2a82fcf1803101de04504536e17ae77d49e4b1e7230760cee5bb1b616bc/psnr.stats	44702
quality/F-c20fd2a82fcf1803101de04504536e17ae77d49e4b1e7230760cee5bb1b616bc/ssim.stats	19092
quality/H-47ed717af6c671c2574a716540ce846d1eade6089bb438a0be923c62cba2f569/actual-cadence.process.json	585
quality/H-47ed717af6c671c2574a716540ce846d1eade6089bb438a0be923c62cba2f569/actual-cadence.stderr.log	0
quality/H-47ed717af6c671c2574a716540ce846d1eade6089bb438a0be923c62cba2f569/actual-cadence.stdout.log	62186
quality/H-47ed717af6c671c2574a716540ce846d1eade6089bb438a0be923c62cba2f569/measurement.json	261322
quality/H-47ed717af6c671c2574a716540ce846d1eade6089bb438a0be923c62cba2f569/metrics.process.json	819
quality/H-47ed717af6c671c2574a716540ce846d1eade6089bb438a0be923c62cba2f569/metrics.stderr.log	6509
quality/H-47ed717af6c671c2574a716540ce846d1eade6089bb438a0be923c62cba2f569/metrics.stdout.log	0
quality/H-47ed717af6c671c2574a716540ce846d1eade6089bb438a0be923c62cba2f569/psnr.stats	44702
quality/H-47ed717af6c671c2574a716540ce846d1eade6089bb438a0be923c62cba2f569/ssim.stats	19092
quality/R-cpu-932c100213ffa16888bad4dea143b17442266715c67534f6e37c405ca6059825/actual-cadence.process.json	585
quality/R-cpu-932c100213ffa16888bad4dea143b17442266715c67534f6e37c405ca6059825/actual-cadence.stderr.log	0
quality/R-cpu-932c100213ffa16888bad4dea143b17442266715c67534f6e37c405ca6059825/actual-cadence.stdout.log	65826
quality/R-cpu-932c100213ffa16888bad4dea143b17442266715c67534f6e37c405ca6059825/measurement.json	265141
quality/R-cpu-932c100213ffa16888bad4dea143b17442266715c67534f6e37c405ca6059825/metrics.process.json	823
quality/R-cpu-932c100213ffa16888bad4dea143b17442266715c67534f6e37c405ca6059825/metrics.stderr.log	6672
quality/R-cpu-932c100213ffa16888bad4dea143b17442266715c67534f6e37c405ca6059825/metrics.stdout.log	0
quality/R-cpu-932c100213ffa16888bad4dea143b17442266715c67534f6e37c405ca6059825/psnr.stats	44702
quality/R-cpu-932c100213ffa16888bad4dea143b17442266715c67534f6e37c405ca6059825/ssim.stats	19092
